{"cameraMode":{"drawMode":0,"name":"Shaded","section":"Shading Mode"},"sceneLighting":false,"audioPlay":false,"sceneViewState":{"showFog":true,"showMaterialUpdate":false,"showSkybox":false,"showFlares":true,"showImageEffects":true,"showParticleSystems":true},"in2DMode":false,"pivot":{"x":84.74124145507813,"y":-9.211867332458496,"z":140.1170654296875},"rotation":{"x":-0.2040632963180542,"y":0.0035132160410284998,"z":-0.0007315095281228423,"w":-0.978986918926239},"size":1.8247449398040772,"orthographic":false}