{"cameraMode":{"drawMode":0,"name":"Shaded","section":"Shading Mode"},"sceneLighting":false,"audioPlay":false,"sceneViewState":{"showFog":true,"showMaterialUpdate":false,"showSkybox":false,"showFlares":true,"showImageEffects":true,"showParticleSystems":true},"in2DMode":false,"pivot":{"x":2.162611246109009,"y":-0.5249630212783814,"z":5.788422107696533},"rotation":{"x":0.04147472605109215,"y":0.1558365374803543,"z":-0.00654640281572938,"w":0.9869057536125183},"size":5.617046356201172,"orthographic":false}